Bus,busmap
1,AL0 0
3,AL0 0
5,AL0 0
6,AL0 0
7,AL0 0
8,AL0 0
9,AL0 0
12,AL0 0
13,AL0 0
5735,AL0 0
17,AT0 0
18,AT0 0
23,AT0 0
25,AT0 0
26,AT0 0
28,AT0 0
32,AT0 0
34,AT0 0
36,AT0 0
38,AT0 0
41,AT0 0
42,AT0 0
43,AT0 0
44,AT0 0
45,AT0 0
46,AT0 0
49,AT0 0
50,AT0 0
51,AT0 0
52,AT0 0
53,AT0 0
55,AT0 0
56,AT0 0
58,AT0 0
59,AT0 0
60,AT0 0
62,AT0 0
65,AT0 0
67,AT0 0
68,AT0 0
71,AT0 0
72,AT0 0
73,AT0 0
75,AT0 0
77,AT0 0
78,AT0 0
79,AT0 0
81,AT0 0
83,AT0 0
85,AT0 0
87,AT0 0
89,AT0 0
91,AT0 0
4608,AT0 0
4613,AT0 0
4616,AT0 0
4638,AT0 0
4646,AT0 0
4674,AT0 0
4675,AT0 0
4706,AT0 0
5391,AT0 0
5394,AT0 0
5421,AT0 0
5422,AT0 0
5425,AT0 0
5428,AT0 0
5429,AT0 0
5430,AT0 0
92,BA0 0
94,BA0 0
95,BA0 0
96,BA0 0
98,BA0 0
99,BA0 0
100,BA0 0
102,BA0 0
4716,BA0 0
4734,BA0 0
4738,BA0 0
4739,BA0 0
4740,BA0 0
4741,BA0 0
4742,BA0 0
4743,BA0 0
4744,BA0 0
4746,BA0 0
4747,BA0 0
4748,BA0 0
4749,BA0 0
4755,BA0 0
4764,BA0 0
4772,BA0 0
5694,BA0 0
5695,BA0 0
5698,BA0 0
5701,BA0 0
103,BE0 0
104,BE0 0
106,BE0 0
107,BE0 0
108,BE0 0
111,BE0 0
112,BE0 0
113,BE0 0
115,BE0 0
116,BE0 0
117,BE0 0
118,BE0 0
119,BE0 0
120,BE0 0
121,BE0 0
123,BE0 0
124,BE0 0
125,BE0 0
127,BE0 0
128,BE0 0
130,BE0 0
133,BE0 0
136,BE0 0
138,BE0 0
142,BE0 0
143,BE0 0
144,BE0 0
145,BE0 0
4090,BE0 0
4417,BE0 0
5205,BE0 0
5206,BE0 0
5214,BE0 0
5215,BE0 0
5216,BE0 0
5218,BE0 0
5530,BE0 0
146,BG0 0
148,BG0 0
150,BG0 0
151,BG0 0
152,BG0 0
154,BG0 0
156,BG0 0
158,BG0 0
159,BG0 0
161,BG0 0
163,BG0 0
164,BG0 0
165,BG0 0
167,BG0 0
169,BG0 0
171,BG0 0
172,BG0 0
174,BG0 0
177,BG0 0
178,BG0 0
180,BG0 0
183,BG0 0
4832,BG0 0
4835,BG0 0
4840,BG0 0
4847,BG0 0
4855,BG0 0
4863,BG0 0
4865,BG0 0
4872,BG0 0
4874,BG0 0
4875,BG0 0
4878,BG0 0
4880,BG0 0
4890,BG0 0
5776,BG0 0
5788,BG0 0
5791,BG0 0
5795,BG0 0
5796,BG0 0
5797,BG0 0
5798,BG0 0
5801,BG0 0
5802,BG0 0
5804,BG0 0
5813,BG0 0
5819,BG0 0
5820,BG0 0
5831,BG0 0
5842,BG0 0
5846,BG0 0
5848,BG0 0
5849,BG0 0
5859,BG0 0
5863,BG0 0
5867,BG0 0
5876,BG0 0
5877,BG0 0
185,CH0 0
187,CH0 0
189,CH0 0
190,CH0 0
193,CH0 0
194,CH0 0
195,CH0 0
197,CH0 0
200,CH0 0
202,CH0 0
205,CH0 0
207,CH0 0
209,CH0 0
212,CH0 0
214,CH0 0
217,CH0 0
219,CH0 0
220,CH0 0
221,CH0 0
223,CH0 0
226,CH0 0
228,CH0 0
229,CH0 0
231,CH0 0
232,CH0 0
233,CH0 0
235,CH0 0
237,CH0 0
239,CH0 0
240,CH0 0
241,CH0 0
242,CH0 0
245,CH0 0
249,CH0 0
251,CH0 0
252,CH0 0
253,CH0 0
255,CH0 0
256,CH0 0
259,CH0 0
260,CH0 0
264,CH0 0
266,CH0 0
271,CH0 0
272,CH0 0
275,CH0 0
279,CH0 0
280,CH0 0
281,CH0 0
282,CH0 0
283,CH0 0
284,CH0 0
285,CH0 0
286,CH0 0
288,CH0 0
289,CH0 0
291,CH0 0
292,CH0 0
295,CH0 0
297,CH0 0
299,CH0 0
300,CH0 0
301,CH0 0
302,CH0 0
304,CH0 0
308,CH0 0
313,CH0 0
315,CH0 0
316,CH0 0
319,CH0 0
4092,CH0 0
4438,CH0 0
4443,CH0 0
4457,CH0 0
4467,CH0 0
4478,CH0 0
4484,CH0 0
4490,CH0 0
4500,CH0 0
4502,CH0 0
4513,CH0 0
4519,CH0 0
4528,CH0 0
4536,CH0 0
4541,CH0 0
4542,CH0 0
4545,CH0 0
4553,CH0 0
4557,CH0 0
4560,CH0 0
4562,CH0 0
4567,CH0 0
4572,CH0 0
4574,CH0 0
4999,CH0 0
5246,CH0 0
5250,CH0 0
5251,CH0 0
5255,CH0 0
5303,CH0 0
5321,CH0 0
5328,CH0 0
5342,CH0 0
5343,CH0 0
5344,CH0 0
5539,CH0 0
323,CZ0 0
324,CZ0 0
326,CZ0 0
327,CZ0 0
328,CZ0 0
330,CZ0 0
331,CZ0 0
332,CZ0 0
334,CZ0 0
335,CZ0 0
336,CZ0 0
338,CZ0 0
339,CZ0 0
341,CZ0 0
343,CZ0 0
345,CZ0 0
346,CZ0 0
347,CZ0 0
348,CZ0 0
350,CZ0 0
351,CZ0 0
352,CZ0 0
353,CZ0 0
355,CZ0 0
357,CZ0 0
359,CZ0 0
360,CZ0 0
363,CZ0 0
4649,CZ0 0
4671,CZ0 0
4701,CZ0 0
4708,CZ0 0
4715,CZ0 0
5397,CZ0 0
5405,CZ0 0
5424,CZ0 0
5570,CZ0 0
5588,CZ0 0
5589,CZ0 0
5590,CZ0 0
5596,CZ0 0
5599,CZ0 0
5600,CZ0 0
5606,CZ0 0
5609,CZ0 0
5612,CZ0 0
5633,CZ0 0
5657,CZ0 0
5661,CZ0 0
5669,CZ0 0
5683,CZ0 0
5702,CZ0 0
40,DE0 0
369,DE0 0
370,DE0 0
372,DE0 0
374,DE0 0
376,DE0 0
378,DE0 0
380,DE0 0
382,DE0 0
384,DE0 0
385,DE0 0
387,DE0 0
389,DE0 0
391,DE0 0
394,DE0 0
397,DE0 0
398,DE0 0
400,DE0 0
402,DE0 0
403,DE0 0
405,DE0 0
408,DE0 0
411,DE0 0
412,DE0 0
414,DE0 0
415,DE0 0
417,DE0 0
418,DE0 0
419,DE0 0
420,DE0 0
422,DE0 0
424,DE0 0
426,DE0 0
429,DE0 0
431,DE0 0
432,DE0 0
435,DE0 0
436,DE0 0
438,DE0 0
440,DE0 0
442,DE0 0
443,DE0 0
445,DE0 0
446,DE0 0
447,DE0 0
448,DE0 0
450,DE0 0
452,DE0 0
453,DE0 0
454,DE0 0
455,DE0 0
456,DE0 0
457,DE0 0
458,DE0 0
460,DE0 0
462,DE0 0
466,DE0 0
468,DE0 0
470,DE0 0
474,DE0 0
475,DE0 0
478,DE0 0
480,DE0 0
481,DE0 0
483,DE0 0
484,DE0 0
485,DE0 0
486,DE0 0
487,DE0 0
489,DE0 0
491,DE0 0
492,DE0 0
493,DE0 0
495,DE0 0
496,DE0 0
497,DE0 0
499,DE0 0
500,DE0 0
502,DE0 0
504,DE0 0
505,DE0 0
506,DE0 0
507,DE0 0
510,DE0 0
511,DE0 0
512,DE0 0
513,DE0 0
515,DE0 0
517,DE0 0
519,DE0 0
520,DE0 0
522,DE0 0
523,DE0 0
526,DE0 0
528,DE0 0
529,DE0 0
531,DE0 0
532,DE0 0
533,DE0 0
534,DE0 0
535,DE0 0
536,DE0 0
537,DE0 0
541,DE0 0
543,DE0 0
545,DE0 0
546,DE0 0
547,DE0 0
549,DE0 0
551,DE0 0
554,DE0 0
555,DE0 0
556,DE0 0
558,DE0 0
560,DE0 0
562,DE0 0
563,DE0 0
564,DE0 0
565,DE0 0
566,DE0 0
569,DE0 0
571,DE0 0
572,DE0 0
576,DE0 0
577,DE0 0
579,DE0 0
581,DE0 0
583,DE0 0
585,DE0 0
587,DE0 0
589,DE0 0
590,DE0 0
593,DE0 0
594,DE0 0
595,DE0 0
598,DE0 0
600,DE0 0
601,DE0 0
603,DE0 0
605,DE0 0
607,DE0 0
609,DE0 0
611,DE0 0
613,DE0 0
614,DE0 0
616,DE0 0
617,DE0 0
618,DE0 0
619,DE0 0
620,DE0 0
621,DE0 0
622,DE0 0
624,DE0 0
626,DE0 0
628,DE0 0
631,DE0 0
633,DE0 0
634,DE0 0
637,DE0 0
642,DE0 0
644,DE0 0
646,DE0 0
649,DE0 0
651,DE0 0
653,DE0 0
655,DE0 0
656,DE0 0
658,DE0 0
659,DE0 0
660,DE0 0
663,DE0 0
665,DE0 0
666,DE0 0
667,DE0 0
668,DE0 0
670,DE0 0
673,DE0 0
675,DE0 0
677,DE0 0
679,DE0 0
681,DE0 0
683,DE0 0
686,DE0 0
688,DE0 0
689,DE0 0
692,DE0 0
693,DE0 0
696,DE0 0
697,DE0 0
699,DE0 0
701,DE0 0
702,DE0 0
703,DE0 0
705,DE0 0
707,DE0 0
709,DE0 0
710,DE0 0
712,DE0 0
714,DE0 0
715,DE0 0
717,DE0 0
719,DE0 0
721,DE0 0
722,DE0 0
723,DE0 0
725,DE0 0
727,DE0 0
729,DE0 0
731,DE0 0
734,DE0 0
736,DE0 0
738,DE0 0
740,DE0 0
742,DE0 0
743,DE0 0
744,DE0 0
746,DE0 0
748,DE0 0
749,DE0 0
750,DE0 0
751,DE0 0
753,DE0 0
756,DE0 0
757,DE0 0
759,DE0 0
762,DE0 0
764,DE0 0
767,DE0 0
769,DE0 0
770,DE0 0
772,DE0 0
774,DE0 0
775,DE0 0
777,DE0 0
779,DE0 0
780,DE0 0
782,DE0 0
783,DE0 0
785,DE0 0
787,DE0 0
791,DE0 0
792,DE0 0
793,DE0 0
795,DE0 0
796,DE0 0
798,DE0 0
799,DE0 0
801,DE0 0
802,DE0 0
804,DE0 0
805,DE0 0
807,DE0 0
809,DE0 0
810,DE0 0
812,DE0 0
813,DE0 0
817,DE0 0
818,DE0 0
819,DE0 0
821,DE0 0
822,DE0 0
824,DE0 0
825,DE0 0
826,DE0 0
828,DE0 0
829,DE0 0
830,DE0 0
832,DE0 0
834,DE0 0
835,DE0 0
836,DE0 0
837,DE0 0
838,DE0 0
840,DE0 0
842,DE0 0
843,DE0 0
844,DE0 0
846,DE0 0
847,DE0 0
849,DE0 0
850,DE0 0
851,DE0 0
852,DE0 0
853,DE0 0
855,DE0 0
856,DE0 0
857,DE0 0
858,DE0 0
859,DE0 0
1673,DE0 0
4426,DE0 0
4428,DE0 0
4429,DE0 0
4430,DE0 0
4432,DE0 0
4433,DE0 0
4435,DE0 0
4437,DE0 0
4442,DE0 0
4445,DE0 0
4447,DE0 0
4451,DE0 0
4453,DE0 0
4455,DE0 0
4456,DE0 0
4459,DE0 0
4460,DE0 0
4463,DE0 0
4466,DE0 0
4468,DE0 0
4470,DE0 0
4472,DE0 0
4474,DE0 0
4479,DE0 0
4481,DE0 0
4485,DE0 0
4489,DE0 0
4494,DE0 0
4496,DE0 0
4498,DE0 0
4504,DE0 0
4505,DE0 0
4507,DE0 0
4509,DE0 0
4511,DE0 0
4514,DE0 0
4517,DE0 0
4523,DE0 0
4526,DE0 0
4530,DE0 0
4533,DE0 0
4535,DE0 0
4538,DE0 0
4539,DE0 0
4549,DE0 0
4551,DE0 0
4558,DE0 0
4564,DE0 0
4569,DE0 0
4577,DE0 0
4585,DE0 0
4588,DE0 0
4589,DE0 0
4591,DE0 0
4595,DE0 0
4598,DE0 0
4606,DE0 0
4617,DE0 0
4620,DE0 0
4621,DE0 0
4623,DE0 0
4637,DE0 0
4639,DE0 0
4644,DE0 0
4653,DE0 0
5221,DE0 0
5222,DE0 0
5226,DE0 0
5229,DE0 0
5231,DE0 0
5249,DE0 0
5252,DE0 0
5253,DE0 0
5254,DE0 0
5256,DE0 0
5257,DE0 0
5258,DE0 0
5260,DE0 0
5262,DE0 0
5263,DE0 0
5265,DE0 0
5266,DE0 0
5267,DE0 0
5268,DE0 0
5269,DE0 0
5270,DE0 0
5271,DE0 0
5272,DE0 0
5273,DE0 0
5274,DE0 0
5275,DE0 0
5276,DE0 0
5277,DE0 0
5278,DE0 0
5279,DE0 0
5280,DE0 0
5281,DE0 0
5282,DE0 0
5284,DE0 0
5285,DE0 0
5286,DE0 0
5287,DE0 0
5288,DE0 0
5289,DE0 0
5290,DE0 0
5291,DE0 0
5292,DE0 0
5293,DE0 0
5294,DE0 0
5295,DE0 0
5296,DE0 0
5297,DE0 0
5298,DE0 0
5299,DE0 0
5300,DE0 0
5301,DE0 0
5302,DE0 0
5304,DE0 0
5305,DE0 0
5306,DE0 0
5307,DE0 0
5308,DE0 0
5310,DE0 0
5311,DE0 0
5312,DE0 0
5313,DE0 0
5314,DE0 0
5315,DE0 0
5316,DE0 0
5317,DE0 0
5318,DE0 0
5319,DE0 0
5320,DE0 0
5324,DE0 0
5325,DE0 0
5326,DE0 0
5327,DE0 0
5329,DE0 0
5330,DE0 0
5331,DE0 0
5332,DE0 0
5333,DE0 0
5334,DE0 0
5335,DE0 0
5336,DE0 0
5337,DE0 0
5338,DE0 0
5339,DE0 0
5340,DE0 0
5345,DE0 0
5346,DE0 0
5347,DE0 0
5348,DE0 0
5349,DE0 0
5350,DE0 0
5351,DE0 0
5353,DE0 0
5357,DE0 0
5358,DE0 0
5359,DE0 0
5360,DE0 0
5361,DE0 0
5362,DE0 0
5363,DE0 0
5364,DE0 0
5365,DE0 0
5366,DE0 0
5367,DE0 0
5368,DE0 0
5369,DE0 0
5370,DE0 0
5371,DE0 0
5372,DE0 0
5374,DE0 0
5376,DE0 0
5378,DE0 0
5380,DE0 0
5381,DE0 0
5382,DE0 0
5383,DE0 0
5384,DE0 0
5386,DE0 0
5387,DE0 0
5389,DE0 0
5390,DE0 0
5392,DE0 0
5395,DE0 0
5399,DE0 0
5400,DE0 0
5407,DE0 0
5410,DE0 0
5411,DE0 0
5414,DE0 0
5416,DE0 0
5603,DE0 0
789,DK0 0
868,DK0 0
869,DK0 0
870,DK0 0
873,DK0 0
875,DK0 0
876,DK0 0
879,DK0 0
880,DK0 0
881,DK0 0
883,DK0 0
886,DK0 0
888,DK0 0
892,DK0 0
896,DK0 0
5309,DK0 0
5323,DK0 0
5542,DK0 0
5543,DK0 0
5544,DK0 0
5545,DK0 0
5547,DK0 0
5548,DK0 0
5549,DK0 0
5550,DK0 0
5551,DK0 0
5552,DK0 0
5553,DK0 0
5554,DK0 0
5555,DK0 0
863,DK1 0
865,DK1 0
867,DK1 0
884,DK1 0
885,DK1 0
887,DK1 0
893,DK1 0
4633,DK1 0
4645,DK1 0
5564,DK1 0
897,EE0 0
898,EE0 0
900,EE0 0
901,EE0 0
903,EE0 0
904,EE0 0
905,EE0 0
906,EE0 0
909,EE0 0
910,EE0 0
5117,EE0 0
5120,EE0 0
5121,EE0 0
5122,EE0 0
5123,EE0 0
5124,EE0 0
5127,EE0 0
5132,EE0 0
5134,EE0 0
5137,EE0 0
5138,EE0 0
5141,EE0 0
5143,EE0 0
5144,EE0 0
5145,EE0 0
5146,EE0 0
5152,EE0 0
5153,EE0 0
911,ES0 0
913,ES0 0
915,ES0 0
917,ES0 0
919,ES0 0
921,ES0 0
923,ES0 0
924,ES0 0
926,ES0 0
928,ES0 0
929,ES0 0
930,ES0 0
931,ES0 0
933,ES0 0
935,ES0 0
938,ES0 0
940,ES0 0
942,ES0 0
943,ES0 0
944,ES0 0
946,ES0 0
947,ES0 0
949,ES0 0
951,ES0 0
953,ES0 0
955,ES0 0
958,ES0 0
960,ES0 0
961,ES0 0
962,ES0 0
964,ES0 0
965,ES0 0
966,ES0 0
968,ES0 0
969,ES0 0
971,ES0 0
973,ES0 0
975,ES0 0
976,ES0 0
978,ES0 0
979,ES0 0
981,ES0 0
983,ES0 0
984,ES0 0
986,ES0 0
991,ES0 0
993,ES0 0
995,ES0 0
997,ES0 0
998,ES0 0
1001,ES0 0
1002,ES0 0
1004,ES0 0
1005,ES0 0
1007,ES0 0
1008,ES0 0
1010,ES0 0
1013,ES0 0
1015,ES0 0
1018,ES0 0
1019,ES0 0
1021,ES0 0
1023,ES0 0
1025,ES0 0
1028,ES0 0
1030,ES0 0
1031,ES0 0
1033,ES0 0
1037,ES0 0
1038,ES0 0
1040,ES0 0
1041,ES0 0
1043,ES0 0
1044,ES0 0
1046,ES0 0
1048,ES0 0
1050,ES0 0
1052,ES0 0
1053,ES0 0
1055,ES0 0
1058,ES0 0
1059,ES0 0
1061,ES0 0
1063,ES0 0
1065,ES0 0
1066,ES0 0
1068,ES0 0
1069,ES0 0
1071,ES0 0
1072,ES0 0
1074,ES0 0
1075,ES0 0
1077,ES0 0
1079,ES0 0
1081,ES0 0
1086,ES0 0
1087,ES0 0
1089,ES0 0
1090,ES0 0
1093,ES0 0
1094,ES0 0
1095,ES0 0
1096,ES0 0
1097,ES0 0
1098,ES0 0
1099,ES0 0
1100,ES0 0
1102,ES0 0
1105,ES0 0
1106,ES0 0
1108,ES0 0
1109,ES0 0
1110,ES0 0
1111,ES0 0
1113,ES0 0
1114,ES0 0
1116,ES0 0
1118,ES0 0
1120,ES0 0
1122,ES0 0
1123,ES0 0
1124,ES0 0
1125,ES0 0
1127,ES0 0
1129,ES0 0
1130,ES0 0
1131,ES0 0
1132,ES0 0
1133,ES0 0
1134,ES0 0
1135,ES0 0
1137,ES0 0
1139,ES0 0
1140,ES0 0
1141,ES0 0
1142,ES0 0
1143,ES0 0
1144,ES0 0
1145,ES0 0
1146,ES0 0
1147,ES0 0
1149,ES0 0
1150,ES0 0
1151,ES0 0
1152,ES0 0
1153,ES0 0
1155,ES0 0
1156,ES0 0
1157,ES0 0
1158,ES0 0
1159,ES0 0
1161,ES0 0
1163,ES0 0
1165,ES0 0
1167,ES0 0
1169,ES0 0
1171,ES0 0
1173,ES0 0
1175,ES0 0
1179,ES0 0
1180,ES0 0
1182,ES0 0
1183,ES0 0
1184,ES0 0
1186,ES0 0
1187,ES0 0
1189,ES0 0
1191,ES0 0
1192,ES0 0
1195,ES0 0
1197,ES0 0
1200,ES0 0
1201,ES0 0
1202,ES0 0
1203,ES0 0
1206,ES0 0
1207,ES0 0
1212,ES0 0
1214,ES0 0
1215,ES0 0
1221,ES0 0
1223,ES0 0
1225,ES0 0
1226,ES0 0
1228,ES0 0
1231,ES0 0
1232,ES0 0
1233,ES0 0
1234,ES0 0
1235,ES0 0
1237,ES0 0
1239,ES0 0
1240,ES0 0
1242,ES0 0
1244,ES0 0
1245,ES0 0
1246,ES0 0
1248,ES0 0
1250,ES0 0
1251,ES0 0
1252,ES0 0
1253,ES0 0
1255,ES0 0
1258,ES0 0
1259,ES0 0
1261,ES0 0
1263,ES0 0
1264,ES0 0
1265,ES0 0
1267,ES0 0
1268,ES0 0
1271,ES0 0
1273,ES0 0
1275,ES0 0
1277,ES0 0
1279,ES0 0
1280,ES0 0
1282,ES0 0
1286,ES0 0
1287,ES0 0
1288,ES0 0
1289,ES0 0
1290,ES0 0
1291,ES0 0
1293,ES0 0
1294,ES0 0
1295,ES0 0
1296,ES0 0
1297,ES0 0
1299,ES0 0
1301,ES0 0
1303,ES0 0
1308,ES0 0
1309,ES0 0
1310,ES0 0
1311,ES0 0
1314,ES0 0
1315,ES0 0
1317,ES0 0
1320,ES0 0
1321,ES0 0
1322,ES0 0
1325,ES0 0
1326,ES0 0
1327,ES0 0
1329,ES0 0
1333,ES0 0
1334,ES0 0
1335,ES0 0
1343,ES0 0
1346,ES0 0
1348,ES0 0
1350,ES0 0
1351,ES0 0
1352,ES0 0
1355,ES0 0
1356,ES0 0
1357,ES0 0
1359,ES0 0
1360,ES0 0
1364,ES0 0
1370,ES0 0
1372,ES0 0
1373,ES0 0
1376,ES0 0
1377,ES0 0
1379,ES0 0
1381,ES0 0
1383,ES0 0
1385,ES0 0
1387,ES0 0
1396,ES0 0
1398,ES0 0
1401,ES0 0
1402,ES0 0
1404,ES0 0
1406,ES0 0
1408,ES0 0
1410,ES0 0
1411,ES0 0
1412,ES0 0
1413,ES0 0
1416,ES0 0
1418,ES0 0
1423,ES0 0
1424,ES0 0
1426,ES0 0
1427,ES0 0
1428,ES0 0
1429,ES0 0
1430,ES0 0
1433,ES0 0
1442,ES0 0
1445,ES0 0
1446,ES0 0
1449,ES0 0
1455,ES0 0
1457,ES0 0
1459,ES0 0
1461,ES0 0
1464,ES0 0
1466,ES0 0
1468,ES0 0
1472,ES0 0
1473,ES0 0
1478,ES0 0
1479,ES0 0
1482,ES0 0
1484,ES0 0
3478,ES0 0
3488,ES0 0
4095,ES0 0
4096,ES0 0
4263,ES0 0
4266,ES0 0
4270,ES0 0
4275,ES0 0
4279,ES0 0
4281,ES0 0
4289,ES0 0
4294,ES0 0
4301,ES0 0
4303,ES0 0
4305,ES0 0
4307,ES0 0
4308,ES0 0
4309,ES0 0
4311,ES0 0
4312,ES0 0
4313,ES0 0
4314,ES0 0
4315,ES0 0
4316,ES0 0
4317,ES0 0
4318,ES0 0
4322,ES0 0
4323,ES0 0
4325,ES0 0
4327,ES0 0
4329,ES0 0
4331,ES0 0
4333,ES0 0
4336,ES0 0
4338,ES0 0
4339,ES0 0
4341,ES0 0
4342,ES0 0
4343,ES0 0
4344,ES0 0
4345,ES0 0
4346,ES0 0
4347,ES0 0
4351,ES0 0
4352,ES0 0
4353,ES0 0
4354,ES0 0
4355,ES0 0
4356,ES0 0
4357,ES0 0
4359,ES0 0
4361,ES0 0
4368,ES0 0
4369,ES0 0
4374,ES0 0
4375,ES0 0
4377,ES0 0
4381,ES0 0
4382,ES0 0
4386,ES0 0
4390,ES0 0
4395,ES0 0
4399,ES0 0
4400,ES0 0
4401,ES0 0
5444,ES0 0
5445,ES0 0
5447,ES0 0
5449,ES0 0
5450,ES0 0
5451,ES0 0
5452,ES0 0
5453,ES0 0
5454,ES0 0
5455,ES0 0
5456,ES0 0
5457,ES0 0
5459,ES0 0
5460,ES0 0
5461,ES0 0
5462,ES0 0
5463,ES0 0
5467,ES0 0
5469,ES0 0
5471,ES0 0
5472,ES0 0
5474,ES0 0
5475,ES0 0
5476,ES0 0
5477,ES0 0
5478,ES0 0
5479,ES0 0
5481,ES0 0
5482,ES0 0
5483,ES0 0
5485,ES0 0
5498,ES0 0
5501,ES0 0
5502,ES0 0
5505,ES0 0
5506,ES0 0
5511,ES0 0
5517,ES0 0
5521,ES0 0
5523,ES0 0
5524,ES0 0
1006,ES2 0
1078,ES2 0
1083,ES2 0
1084,ES2 0
1174,ES2 0
1486,FI1 0
1487,FI1 0
1488,FI1 0
1489,FI1 0
1490,FI1 0
1491,FI1 0
1492,FI1 0
1493,FI1 0
1494,FI1 0
1495,FI1 0
1496,FI1 0
1497,FI1 0
1498,FI1 0
1500,FI1 0
1501,FI1 0
1502,FI1 0
1503,FI1 0
1504,FI1 0
1505,FI1 0
1506,FI1 0
1508,FI1 0
1509,FI1 0
1510,FI1 0
1512,FI1 0
1513,FI1 0
1514,FI1 0
1515,FI1 0
1517,FI1 0
1518,FI1 0
1520,FI1 0
1521,FI1 0
1523,FI1 0
1524,FI1 0
1526,FI1 0
1527,FI1 0
1529,FI1 0
1530,FI1 0
1532,FI1 0
1534,FI1 0
1536,FI1 0
1537,FI1 0
1540,FI1 0
1541,FI1 0
1542,FI1 0
1543,FI1 0
1545,FI1 0
1546,FI1 0
1548,FI1 0
1549,FI1 0
4864,FI1 0
4870,FI1 0
4884,FI1 0
4886,FI1 0
5750,FI1 0
5751,FI1 0
5752,FI1 0
5753,FI1 0
5758,FI1 0
5761,FI1 0
5767,FI1 0
5768,FI1 0
5775,FI1 0
5779,FI1 0
5782,FI1 0
5783,FI1 0
5792,FI1 0
5808,FI1 0
5810,FI1 0
5811,FI1 0
5816,FI1 0
5822,FI1 0
5825,FI1 0
5827,FI1 0
5829,FI1 0
5830,FI1 0
5832,FI1 0
5834,FI1 0
5835,FI1 0
5836,FI1 0
5837,FI1 0
5838,FI1 0
5840,FI1 0
5841,FI1 0
5843,FI1 0
5844,FI1 0
5845,FI1 0
5847,FI1 0
5852,FI1 0
5854,FI1 0
5855,FI1 0
5856,FI1 0
5862,FI1 0
5869,FI1 0
5878,FI1 0
1550,FR0 0
1551,FR0 0
1552,FR0 0
1554,FR0 0
1556,FR0 0
1558,FR0 0
1561,FR0 0
1563,FR0 0
1564,FR0 0
1566,FR0 0
1567,FR0 0
1568,FR0 0
1570,FR0 0
1571,FR0 0
1573,FR0 0
1575,FR0 0
1576,FR0 0
1577,FR0 0
1578,FR0 0
1580,FR0 0
1581,FR0 0
1583,FR0 0
1584,FR0 0
1585,FR0 0
1586,FR0 0
1588,FR0 0
1589,FR0 0
1592,FR0 0
1594,FR0 0
1595,FR0 0
1597,FR0 0
1598,FR0 0
1599,FR0 0
1601,FR0 0
1603,FR0 0
1606,FR0 0
1607,FR0 0
1609,FR0 0
1610,FR0 0
1612,FR0 0
1613,FR0 0
1615,FR0 0
1616,FR0 0
1617,FR0 0
1620,FR0 0
1621,FR0 0
1622,FR0 0
1623,FR0 0
1624,FR0 0
1627,FR0 0
1629,FR0 0
1630,FR0 0
1632,FR0 0
1633,FR0 0
1635,FR0 0
1636,FR0 0
1638,FR0 0
1641,FR0 0
1643,FR0 0
1644,FR0 0
1647,FR0 0
1649,FR0 0
1650,FR0 0
1651,FR0 0
1653,FR0 0
1654,FR0 0
1655,FR0 0
1657,FR0 0
1658,FR0 0
1660,FR0 0
1662,FR0 0
1666,FR0 0
1668,FR0 0
1670,FR0 0
1672,FR0 0
1674,FR0 0
1676,FR0 0
1678,FR0 0
1679,FR0 0
1681,FR0 0
1683,FR0 0
1685,FR0 0
1686,FR0 0
1687,FR0 0
1690,FR0 0
1692,FR0 0
1694,FR0 0
1699,FR0 0
1700,FR0 0
1702,FR0 0
1704,FR0 0
1706,FR0 0
1708,FR0 0
1710,FR0 0
1711,FR0 0
1713,FR0 0
1715,FR0 0
1717,FR0 0
1719,FR0 0
1721,FR0 0
1722,FR0 0
1723,FR0 0
1725,FR0 0
1727,FR0 0
1728,FR0 0
1729,FR0 0
1731,FR0 0
1733,FR0 0
1734,FR0 0
1735,FR0 0
1738,FR0 0
1740,FR0 0
1742,FR0 0
1743,FR0 0
1745,FR0 0
1747,FR0 0
1749,FR0 0
1750,FR0 0
1752,FR0 0
1754,FR0 0
1756,FR0 0
1757,FR0 0
1759,FR0 0
1761,FR0 0
1762,FR0 0
1764,FR0 0
1765,FR0 0
1766,FR0 0
1767,FR0 0
1768,FR0 0
1769,FR0 0
1771,FR0 0
1772,FR0 0
1773,FR0 0
1775,FR0 0
1776,FR0 0
1777,FR0 0
1780,FR0 0
1782,FR0 0
1783,FR0 0
1784,FR0 0
1785,FR0 0
1793,FR0 0
1794,FR0 0
1797,FR0 0
1798,FR0 0
1800,FR0 0
1802,FR0 0
1803,FR0 0
1804,FR0 0
1805,FR0 0
1806,FR0 0
1807,FR0 0
1808,FR0 0
1809,FR0 0
1810,FR0 0
1811,FR0 0
1813,FR0 0
1815,FR0 0
1817,FR0 0
1818,FR0 0
1819,FR0 0
1821,FR0 0
1823,FR0 0
1825,FR0 0
1827,FR0 0
1828,FR0 0
1830,FR0 0
1835,FR0 0
1836,FR0 0
1838,FR0 0
1840,FR0 0
1842,FR0 0
1843,FR0 0
1845,FR0 0
1847,FR0 0
1849,FR0 0
1851,FR0 0
1853,FR0 0
1855,FR0 0
1856,FR0 0
1857,FR0 0
1858,FR0 0
1860,FR0 0
1862,FR0 0
1863,FR0 0
1864,FR0 0
1867,FR0 0
1869,FR0 0
1870,FR0 0
1871,FR0 0
1873,FR0 0
1876,FR0 0
1877,FR0 0
1878,FR0 0
1879,FR0 0
1882,FR0 0
1883,FR0 0
1885,FR0 0
1886,FR0 0
1887,FR0 0
1889,FR0 0
1891,FR0 0
1893,FR0 0
1895,FR0 0
1897,FR0 0
1899,FR0 0
1900,FR0 0
1901,FR0 0
1902,FR0 0
1903,FR0 0
1904,FR0 0
1908,FR0 0
1909,FR0 0
1910,FR0 0
1912,FR0 0
1914,FR0 0
1915,FR0 0
1917,FR0 0
1918,FR0 0
1919,FR0 0
1921,FR0 0
1923,FR0 0
1930,FR0 0
1931,FR0 0
1933,FR0 0
1934,FR0 0
1935,FR0 0
1937,FR0 0
1938,FR0 0
1940,FR0 0
1942,FR0 0
1943,FR0 0
1944,FR0 0
1945,FR0 0
1947,FR0 0
1948,FR0 0
1949,FR0 0
1952,FR0 0
1953,FR0 0
1954,FR0 0
1955,FR0 0
1956,FR0 0
1957,FR0 0
1958,FR0 0
1959,FR0 0
1961,FR0 0
1962,FR0 0
1963,FR0 0
1965,FR0 0
1966,FR0 0
1967,FR0 0
1969,FR0 0
1970,FR0 0
1972,FR0 0
1973,FR0 0
1974,FR0 0
1975,FR0 0
1977,FR0 0
1978,FR0 0
1980,FR0 0
1981,FR0 0
1982,FR0 0
1983,FR0 0
1984,FR0 0
1985,FR0 0
1987,FR0 0
1989,FR0 0
1990,FR0 0
1993,FR0 0
1995,FR0 0
1996,FR0 0
1998,FR0 0
1999,FR0 0
2000,FR0 0
2003,FR0 0
2004,FR0 0
2005,FR0 0
2010,FR0 0
2011,FR0 0
2012,FR0 0
2014,FR0 0
2017,FR0 0
2018,FR0 0
2019,FR0 0
2021,FR0 0
2023,FR0 0
2024,FR0 0
2026,FR0 0
2027,FR0 0
2028,FR0 0
2030,FR0 0
2032,FR0 0
2033,FR0 0
2034,FR0 0
2035,FR0 0
2036,FR0 0
2037,FR0 0
2038,FR0 0
2040,FR0 0
2041,FR0 0
2042,FR0 0
2044,FR0 0
2045,FR0 0
2046,FR0 0
2047,FR0 0
2049,FR0 0
2051,FR0 0
2053,FR0 0
2059,FR0 0
2060,FR0 0
2063,FR0 0
2064,FR0 0
2067,FR0 0
2069,FR0 0
2070,FR0 0
2074,FR0 0
2075,FR0 0
2077,FR0 0
2079,FR0 0
2081,FR0 0
2082,FR0 0
2083,FR0 0
2084,FR0 0
2085,FR0 0
2087,FR0 0
2088,FR0 0
2091,FR0 0
2092,FR0 0
2093,FR0 0
2094,FR0 0
2095,FR0 0
2096,FR0 0
2097,FR0 0
2098,FR0 0
2099,FR0 0
2100,FR0 0
2104,FR0 0
2105,FR0 0
2107,FR0 0
2108,FR0 0
2110,FR0 0
2111,FR0 0
2113,FR0 0
2118,FR0 0
2119,FR0 0
2122,FR0 0
2123,FR0 0
2125,FR0 0
2126,FR0 0
2127,FR0 0
2128,FR0 0
2129,FR0 0
2131,FR0 0
2133,FR0 0
2136,FR0 0
2137,FR0 0
2138,FR0 0
2140,FR0 0
2141,FR0 0
2143,FR0 0
2145,FR0 0
2147,FR0 0
2148,FR0 0
2150,FR0 0
2151,FR0 0
2152,FR0 0
2153,FR0 0
2155,FR0 0
2156,FR0 0
2157,FR0 0
2158,FR0 0
2160,FR0 0
2162,FR0 0
2164,FR0 0
2165,FR0 0
2167,FR0 0
2169,FR0 0
2170,FR0 0
2171,FR0 0
2172,FR0 0
2173,FR0 0
2174,FR0 0
2175,FR0 0
2176,FR0 0
2177,FR0 0
2179,FR0 0
2181,FR0 0
2182,FR0 0
2183,FR0 0
2186,FR0 0
2188,FR0 0
2190,FR0 0
2192,FR0 0
2195,FR0 0
2200,FR0 0
2205,FR0 0
2207,FR0 0
2209,FR0 0
2210,FR0 0
2212,FR0 0
2215,FR0 0
2216,FR0 0
2217,FR0 0
2219,FR0 0
2220,FR0 0
2221,FR0 0
2222,FR0 0
2223,FR0 0
2224,FR0 0
2226,FR0 0
2228,FR0 0
2229,FR0 0
2231,FR0 0
2232,FR0 0
2234,FR0 0
2235,FR0 0
2236,FR0 0
2237,FR0 0
2239,FR0 0
2240,FR0 0
2241,FR0 0
2242,FR0 0
2246,FR0 0
2248,FR0 0
2249,FR0 0
2250,FR0 0
2251,FR0 0
2252,FR0 0
2253,FR0 0
2254,FR0 0
2255,FR0 0
2256,FR0 0
2257,FR0 0
2259,FR0 0
2260,FR0 0
2261,FR0 0
2262,FR0 0
2263,FR0 0
2265,FR0 0
2266,FR0 0
2267,FR0 0
2268,FR0 0
2269,FR0 0
2270,FR0 0
2273,FR0 0
2274,FR0 0
2275,FR0 0
2276,FR0 0
2277,FR0 0
2278,FR0 0
2279,FR0 0
2280,FR0 0
2282,FR0 0
2283,FR0 0
2284,FR0 0
2285,FR0 0
2286,FR0 0
2287,FR0 0
2288,FR0 0
2289,FR0 0
2290,FR0 0
2291,FR0 0
2293,FR0 0
2294,FR0 0
2296,FR0 0
2300,FR0 0
2301,FR0 0
2304,FR0 0
2305,FR0 0
2307,FR0 0
2308,FR0 0
2310,FR0 0
2311,FR0 0
2312,FR0 0
2314,FR0 0
2315,FR0 0
2316,FR0 0
2318,FR0 0
4384,FR0 0
4914,FR0 0
4915,FR0 0
4916,FR0 0
4920,FR0 0
4921,FR0 0
4922,FR0 0
4923,FR0 0
4925,FR0 0
4926,FR0 0
4927,FR0 0
4928,FR0 0
4929,FR0 0
4931,FR0 0
4933,FR0 0
4934,FR0 0
4935,FR0 0
4936,FR0 0
4937,FR0 0
4938,FR0 0
4941,FR0 0
4942,FR0 0
4943,FR0 0
4944,FR0 0
4946,FR0 0
4947,FR0 0
4948,FR0 0
4949,FR0 0
4950,FR0 0
4951,FR0 0
4952,FR0 0
4953,FR0 0
4954,FR0 0
4955,FR0 0
4957,FR0 0
4959,FR0 0
4960,FR0 0
4961,FR0 0
4962,FR0 0
4963,FR0 0
4964,FR0 0
4965,FR0 0
4966,FR0 0
4967,FR0 0
4969,FR0 0
4971,FR0 0
4972,FR0 0
4973,FR0 0
4975,FR0 0
4976,FR0 0
4977,FR0 0
4978,FR0 0
4979,FR0 0
4980,FR0 0
4981,FR0 0
4982,FR0 0
4983,FR0 0
4984,FR0 0
4985,FR0 0
4986,FR0 0
4987,FR0 0
4989,FR0 0
4990,FR0 0
4991,FR0 0
4992,FR0 0
4993,FR0 0
4994,FR0 0
4995,FR0 0
4996,FR0 0
4998,FR0 0
5000,FR0 0
5001,FR0 0
5002,FR0 0
5003,FR0 0
5004,FR0 0
5005,FR0 0
5248,FR0 0
5514,FR0 0
5520,FR0 0
5522,FR0 0
5525,FR0 0
5526,FR0 0
5527,FR0 0
5528,FR0 0
5529,FR0 0
5531,FR0 0
5533,FR0 0
5534,FR0 0
5535,FR0 0
5536,FR0 0
5537,FR0 0
5538,FR0 0
5540,FR0 0
5541,FR0 0
5979,FR6 0
2319,GB3 0
2321,GB3 0
2323,GB3 0
2325,GB3 0
2326,GB3 0
2328,GB3 0
2329,GB3 0
2331,GB3 0
2332,GB3 0
2334,GB3 0
2336,GB3 0
2337,GB3 0
2338,GB3 0
2339,GB3 0
2340,GB3 0
2342,GB3 0
2343,GB3 0
2345,GB3 0
2347,GB3 0
2349,GB3 0
2350,GB3 0
2351,GB3 0
2352,GB3 0
2353,GB3 0
2355,GB3 0
2356,GB3 0
2357,GB3 0
2359,GB3 0
2360,GB3 0
2361,GB3 0
2362,GB3 0
2364,GB3 0
2365,GB3 0
2366,GB3 0
2367,GB3 0
2368,GB3 0
2369,GB3 0
2371,GB3 0
2372,GB3 0
2375,GB3 0
2377,GB3 0
2378,GB3 0
2379,GB3 0
2381,GB3 0
2383,GB3 0
2384,GB3 0
2386,GB3 0
2388,GB3 0
2390,GB3 0
2391,GB3 0
2393,GB3 0
2395,GB3 0
2396,GB3 0
2398,GB3 0
2399,GB3 0
2401,GB3 0
2403,GB3 0
2404,GB3 0
2405,GB3 0
2406,GB3 0
2407,GB3 0
2408,GB3 0
2410,GB3 0
2412,GB3 0
2413,GB3 0
2414,GB3 0
2415,GB3 0
2416,GB3 0
2417,GB3 0
2418,GB3 0
2420,GB3 0
2422,GB3 0
2423,GB3 0
2424,GB3 0
2425,GB3 0
2426,GB3 0
2427,GB3 0
2429,GB3 0
2430,GB3 0
2432,GB3 0
2434,GB3 0
2435,GB3 0
2436,GB3 0
2437,GB3 0
2439,GB3 0
2441,GB3 0
2443,GB3 0
2444,GB3 0
2445,GB3 0
2446,GB3 0
2448,GB3 0
2450,GB3 0
2451,GB3 0
2452,GB3 0
2454,GB3 0
2455,GB3 0
2457,GB3 0
2460,GB3 0
2462,GB3 0
2463,GB3 0
2464,GB3 0
2466,GB3 0
2467,GB3 0
2470,GB3 0
2471,GB3 0
2473,GB3 0
2475,GB3 0
2476,GB3 0
2478,GB3 0
2480,GB3 0
2481,GB3 0
2483,GB3 0
2484,GB3 0
2485,GB3 0
2486,GB3 0
2488,GB3 0
2490,GB3 0
2491,GB3 0
2492,GB3 0
2494,GB3 0
2496,GB3 0
2499,GB3 0
2500,GB3 0
2502,GB3 0
2504,GB3 0
2505,GB3 0
2506,GB3 0
2509,GB3 0
2511,GB3 0
2512,GB3 0
2517,GB3 0
2518,GB3 0
2519,GB3 0
2520,GB3 0
2521,GB3 0
2523,GB3 0
2525,GB3 0
2528,GB3 0
2529,GB3 0
2531,GB3 0
2533,GB3 0
2535,GB3 0
2537,GB3 0
2540,GB3 0
2542,GB3 0
2543,GB3 0
2545,GB3 0
2546,GB3 0
2547,GB3 0
2549,GB3 0
2550,GB3 0
2555,GB3 0
2557,GB3 0
2558,GB3 0
2559,GB3 0
2561,GB3 0
2562,GB3 0
2564,GB3 0
2565,GB3 0
2568,GB3 0
2569,GB3 0
2571,GB3 0
2573,GB3 0
2574,GB3 0
2576,GB3 0
2577,GB3 0
2580,GB3 0
2583,GB3 0
2585,GB3 0
2586,GB3 0
2587,GB3 0
2588,GB3 0
2589,GB3 0
2591,GB3 0
2595,GB3 0
2599,GB3 0
2601,GB3 0
2603,GB3 0
2605,GB3 0
2606,GB3 0
2607,GB3 0
2608,GB3 0
2609,GB3 0
2610,GB3 0
2611,GB3 0
2615,GB3 0
2616,GB3 0
2620,GB3 0
2622,GB3 0
2624,GB3 0
2626,GB3 0
2627,GB3 0
2628,GB3 0
2630,GB3 0
2634,GB3 0
2636,GB3 0
2638,GB3 0
2639,GB3 0
2640,GB3 0
4098,GB3 0
4099,GB3 0
4101,GB3 0
4103,GB3 0
4104,GB3 0
4105,GB3 0
4106,GB3 0
4108,GB3 0
4109,GB3 0
4110,GB3 0
4112,GB3 0
4113,GB3 0
4114,GB3 0
4115,GB3 0
4116,GB3 0
4117,GB3 0
4118,GB3 0
4119,GB3 0
4121,GB3 0
4123,GB3 0
5014,GB3 0
5016,GB3 0
5017,GB3 0
5020,GB3 0
5021,GB3 0
5022,GB3 0
5023,GB3 0
5024,GB3 0
5025,GB3 0
5028,GB3 0
5030,GB3 0
5031,GB3 0
5033,GB3 0
5034,GB3 0
5037,GB3 0
5039,GB3 0
5041,GB3 0
5043,GB3 0
5045,GB3 0
5047,GB3 0
5048,GB3 0
5050,GB3 0
5051,GB3 0
5052,GB3 0
5470,GB3 0
5473,GB3 0
5480,GB3 0
5484,GB3 0
5486,GB3 0
5488,GB3 0
5489,GB3 0
5490,GB3 0
5491,GB3 0
5492,GB3 0
5493,GB3 0
5494,GB3 0
5495,GB3 0
5496,GB3 0
5497,GB3 0
5499,GB3 0
5500,GB3 0
5504,GB3 0
5507,GB3 0
5508,GB3 0
5509,GB3 0
5510,GB3 0
5513,GB3 0
5516,GB3 0
5519,GB3 0
2513,GB4 0
2514,GB4 0
2526,GB4 0
2536,GB4 0
2552,GB4 0
2553,GB4 0
2554,GB4 0
2590,GB4 0
5010,GB4 0
5011,GB4 0
5012,GB4 0
5013,GB4 0
2643,GR0 0
2644,GR0 0
2645,GR0 0
2646,GR0 0
2647,GR0 0
2648,GR0 0
2649,GR0 0
2650,GR0 0
2651,GR0 0
2652,GR0 0
2653,GR0 0
2654,GR0 0
2655,GR0 0
2657,GR0 0
5738,GR0 0
5747,GR0 0
5749,GR0 0
5769,GR0 0
5770,GR0 0
5773,GR0 0
5774,GR0 0
5780,GR0 0
5785,GR0 0
5786,GR0 0
5793,GR0 0
5794,GR0 0
5803,GR0 0
5809,GR0 0
5826,GR0 0
2659,HR0 0
2660,HR0 0
2662,HR0 0
2663,HR0 0
2664,HR0 0
2666,HR0 0
2667,HR0 0
2668,HR0 0
2669,HR0 0
2670,HR0 0
2671,HR0 0
2672,HR0 0
2673,HR0 0
2674,HR0 0
2675,HR0 0
2677,HR0 0
2678,HR0 0
4659,HR0 0
4667,HR0 0
4704,HR0 0
5652,HR0 0
5662,HR0 0
5699,HR0 0
5712,HR0 0
2679,HU0 0
2680,HU0 0
2681,HU0 0
2682,HU0 0
2684,HU0 0
2685,HU0 0
2686,HU0 0
2689,HU0 0
2691,HU0 0
2693,HU0 0
2695,HU0 0
2696,HU0 0
2697,HU0 0
2699,HU0 0
2700,HU0 0
2701,HU0 0
2702,HU0 0
2703,HU0 0
2705,HU0 0
2706,HU0 0
2707,HU0 0
2709,HU0 0
2713,HU0 0
2714,HU0 0
2715,HU0 0
2717,HU0 0
2718,HU0 0
2719,HU0 0
4126,HU0 0
4733,HU0 0
4758,HU0 0
4762,HU0 0
4768,HU0 0
4794,HU0 0
4802,HU0 0
5660,HU0 0
5682,HU0 0
5684,HU0 0
5691,HU0 0
5724,HU0 0
5725,HU0 0
5730,HU0 0
5732,HU0 0
2720,IE4 0
2721,IE4 0
2722,IE4 0
2723,IE4 0
2725,IE4 0
2726,IE4 0
2728,IE4 0
2729,IE4 0
2730,IE4 0
2731,IE4 0
2732,IE4 0
2735,IE4 0
2736,IE4 0
2737,IE4 0
2739,IE4 0
2740,IE4 0
2741,IE4 0
2742,IE4 0
2743,IE4 0
2746,IE4 0
2748,IE4 0
2750,IE4 0
2751,IE4 0
2752,IE4 0
2755,IE4 0
2758,IE4 0
2759,IE4 0
4259,IE4 0
4261,IE4 0
4265,IE4 0
4285,IE4 0
4292,IE4 0
4296,IE4 0
4297,IE4 0
4304,IE4 0
4306,IE4 0
5433,IE4 0
5436,IE4 0
5442,IE4 0
5443,IE4 0
5446,IE4 0
5448,IE4 0
2761,IT0 1
2762,IT0 1
2764,IT0 2
2766,IT0 1
2768,IT0 2
2770,IT0 2
2772,IT0 1
2773,IT0 1
2774,IT0 1
2775,IT0 6
2776,IT0 6
2777,IT0 6
2778,IT0 6
2780,IT0 6
2781,IT0 6
2782,IT0 6
2783,IT0 6
2785,IT0 1
2787,IT0 1
2788,IT0 3
2789,IT0 1
2791,IT0 1
2793,IT0 1
2794,IT0 3
2796,IT0 1
2797,IT0 1
2799,IT0 1
2801,IT0 1
2803,IT0 1
2804,IT0 4
2805,IT0 3
2807,IT0 1
2808,IT0 4
2809,IT0 4
2811,IT0 4
2812,IT0 1
2813,IT0 6
2814,IT0 1
2815,IT0 1
2817,IT0 3
2818,IT0 1
2820,IT0 2
2823,IT0 1
2824,IT0 1
2825,IT0 1
2827,IT0 1
2829,IT0 1
2830,IT0 1
2831,IT0 1
2832,IT0 1
2833,IT0 1
2835,IT0 1
2836,IT0 1
2837,IT0 1
2839,IT0 1
2840,IT0 2
2842,IT0 1
2843,IT0 1
2846,IT0 1
2848,IT0 3
2849,IT0 3
2850,IT0 1
2851,IT0 1
2853,IT0 3
2854,IT0 1
2855,IT0 1
2856,IT0 1
2858,IT0 1
2859,IT0 1
2861,IT0 1
2862,IT0 1
2864,IT0 3
2865,IT0 1
2866,IT0 1
2868,IT0 3
2869,IT0 3
2870,IT0 2
2871,IT0 3
2872,IT0 3
2873,IT0 1
2875,IT0 3
2876,IT0 3
2878,IT0 3
2879,IT0 3
2880,IT0 1
2881,IT0 1
2882,IT0 3
2884,IT0 3
2889,IT0 3
2890,IT0 1
2891,IT0 1
2892,IT0 1
2893,IT0 1
2894,IT0 1
2895,IT0 1
2897,IT0 1
2899,IT0 1
2900,IT0 1
2902,IT0 1
2904,IT0 2
2906,IT0 1
2908,IT0 1
2910,IT0 1
2911,IT0 1
2913,IT0 1
2914,IT0 1
2916,IT0 1
2918,IT0 1
2919,IT0 1
2920,IT0 4
2922,IT0 4
2923,IT0 4
2924,IT0 1
2925,IT0 1
2926,IT0 1
2928,IT0 1
2930,IT0 1
2931,IT0 1
2932,IT0 1
2933,IT0 1
2937,IT0 1
2938,IT0 1
2940,IT0 1
2941,IT0 1
2943,IT0 1
2945,IT0 1
2946,IT0 2
2947,IT0 2
2950,IT0 4
2952,IT0 4
2953,IT0 4
2954,IT0 4
2955,IT0 4
2957,IT0 6
2958,IT0 4
2959,IT0 4
2960,IT0 4
2961,IT0 1
2963,IT0 3
2964,IT0 1
2966,IT0 1
2969,IT0 1
2972,IT0 1
2973,IT0 2
2974,IT0 3
2976,IT0 1
2977,IT0 1
2978,IT0 1
2979,IT0 3
2980,IT0 3
2981,IT0 3
2982,IT0 3
2983,IT0 1
2984,IT0 2
2989,IT0 1
2990,IT0 1
2992,IT0 2
2994,IT0 1
3001,IT0 4
3002,IT0 1
3003,IT0 1
3004,IT0 1
3006,IT0 1
3007,IT0 1
3009,IT0 1
3010,IT0 1
3012,IT0 1
3013,IT0 1
3014,IT0 1
3016,IT0 1
3017,IT0 6
3018,IT0 2
3020,IT0 6
3021,IT0 1
3022,IT0 1
3023,IT0 1
3025,IT0 1
3026,IT0 1
3029,IT0 1
3030,IT0 1
3031,IT0 1
3032,IT0 4
3033,IT0 3
3034,IT0 6
3036,IT0 1
3038,IT0 4
3039,IT0 1
3040,IT0 1
3041,IT0 1
3042,IT0 1
3043,IT0 4
3046,IT0 1
3047,IT0 1
3049,IT0 1
3051,IT0 3
3052,IT0 1
3053,IT0 1
3056,IT0 4
3057,IT0 4
3059,IT0 1
3060,IT0 4
3061,IT0 4
3062,IT0 4
3063,IT0 1
3065,IT0 2
3066,IT0 3
3067,IT0 3
3069,IT0 2
3070,IT0 3
3072,IT0 1
3073,IT0 1
3074,IT0 6
3076,IT0 6
3078,IT0 3
3079,IT0 3
3081,IT0 1
3082,IT0 4
3086,IT0 1
3088,IT0 4
3091,IT0 3
3092,IT0 4
3093,IT0 1
3094,IT0 4
3097,IT0 3
3098,IT0 6
3099,IT0 4
3102,IT0 1
3103,IT0 3
3104,IT0 3
3105,IT0 6
3106,IT0 4
3107,IT0 3
3108,IT0 4
3109,IT0 1
3111,IT0 1
4127,IT0 1
4129,IT0 1
4131,IT0 1
4133,IT0 3
4461,IT0 1
4464,IT0 1
4475,IT0 1
4476,IT0 1
4492,IT0 1
4508,IT0 1
4521,IT0 1
4524,IT0 1
4531,IT0 1
4537,IT0 1
4540,IT0 1
4543,IT0 1
4547,IT0 1
4565,IT0 1
4570,IT0 1
4575,IT0 1
4576,IT0 1
4579,IT0 1
4586,IT0 1
4592,IT0 1
4593,IT0 2
4599,IT0 1
4601,IT0 1
4602,IT0 1
4603,IT0 1
4604,IT0 1
4609,IT0 1
4612,IT0 1
4622,IT0 2
4624,IT0 1
4626,IT0 1
4628,IT0 1
4632,IT0 1
4634,IT0 1
4635,IT0 1
4636,IT0 1
4642,IT0 2
4643,IT0 1
4647,IT0 1
4663,IT0 3
5235,IT0 1
5240,IT0 1
5259,IT0 1
5261,IT0 1
5264,IT0 1
5341,IT0 1
5352,IT0 1
5354,IT0 1
5355,IT0 1
5356,IT0 1
5373,IT0 2
5375,IT0 2
5377,IT0 2
5379,IT0 1
5388,IT0 1
5393,IT0 3
5398,IT0 3
5401,IT0 2
5406,IT0 1
5412,IT0 3
5413,IT0 3
5417,IT0 4
5426,IT0 4
5427,IT0 4
2971,IT5 0
2985,IT5 0
2987,IT5 0
2993,IT5 0
2995,IT5 0
2996,IT5 0
2997,IT5 0
3044,IT5 0
3045,IT5 0
3055,IT5 0
3083,IT5 0
3112,LT0 0
3113,LT0 0
3115,LT0 0
3116,LT0 0
3117,LT0 0
3119,LT0 0
3120,LT0 0
3121,LT0 0
3122,LT0 0
3123,LT0 0
3124,LT0 0
3125,LT0 0
4134,LT0 0
4135,LT0 0
5100,LT0 0
5101,LT0 0
5105,LT0 0
5109,LT0 0
5113,LT0 0
5131,LT0 0
5805,LT0 0
3130,DE0 0
3132,DE0 0
3133,DE0 0
3134,DE0 0
3135,DE0 0
3136,DE0 0
3137,LV0 0
3139,LV0 0
3140,LV0 0
3142,LV0 0
3143,LV0 0
3144,LV0 0
3145,LV0 0
3146,LV0 0
3147,LV0 0
3148,LV0 0
4136,LV0 0
4137,LV0 0
4139,LV0 0
5102,LV0 0
5103,LV0 0
5106,LV0 0
5107,LV0 0
5108,LV0 0
5111,LV0 0
5112,LV0 0
5114,LV0 0
5116,LV0 0
5128,LV0 0
5129,LV0 0
5130,LV0 0
5133,LV0 0
5135,LV0 0
5136,LV0 0
5139,LV0 0
5147,LV0 0
3149,ME0 0
3150,ME0 0
3151,ME0 0
3152,ME0 0
4760,ME0 0
4775,ME0 0
4782,ME0 0
5704,ME0 0
5705,ME0 0
5706,ME0 0
3153,MK0 0
3155,MK0 0
3157,MK0 0
5746,MK0 0
5748,MK0 0
5763,MK0 0
5764,MK0 0
3158,NL0 0
3159,NL0 0
3160,NL0 0
3162,NL0 0
3163,NL0 0
3164,NL0 0
3166,NL0 0
3167,NL0 0
3169,NL0 0
3171,NL0 0
3173,NL0 0
3174,NL0 0
3175,NL0 0
3176,NL0 0
3177,NL0 0
3179,NL0 0
3180,NL0 0
3181,NL0 0
3182,NL0 0
3183,NL0 0
3184,NL0 0
3185,NL0 0
3186,NL0 0
3187,NL0 0
3191,NL0 0
3194,NL0 0
3195,NL0 0
3196,NL0 0
3197,NL0 0
3198,NL0 0
3199,NL0 0
3200,NL0 0
4419,NL0 0
4422,NL0 0
4423,NL0 0
4427,NL0 0
4440,NL0 0
4449,NL0 0
5207,NL0 0
5208,NL0 0
5209,NL0 0
5210,NL0 0
5211,NL0 0
5212,NL0 0
5217,NL0 0
5219,NL0 0
5220,NL0 0
5223,NL0 0
5224,NL0 0
5225,NL0 0
5227,NL0 0
5228,NL0 0
5230,NL0 0
5232,NL0 0
5233,NL0 0
5236,NL0 0
5237,NL0 0
5241,NL0 0
5242,NL0 0
5243,NL0 0
5244,NL0 0
1538,NO1 4
3202,NO1 1
3203,NO1 3
3205,NO1 1
3206,NO1 1
3208,NO1 1
3209,NO1 2
3210,NO1 1
3212,NO1 2
3213,NO1 1
3215,NO1 2
3217,NO1 1
3218,NO1 1
3219,NO1 3
3220,NO1 2
3221,NO1 1
3223,NO1 1
3227,NO1 1
3228,NO1 4
3230,NO1 3
3231,NO1 1
3233,NO1 2
3234,NO1 3
3235,NO1 3
3237,NO1 3
3238,NO1 1
3239,NO1 2
3240,NO1 2
3242,NO1 3
3244,NO1 2
3246,NO1 2
3248,NO1 1
3250,NO1 3
3251,NO1 3
3252,NO1 3
3254,NO1 2
3256,NO1 2
3257,NO1 1
3258,NO1 1
3259,NO1 1
3260,NO1 1
3262,NO1 1
3264,NO1 1
3265,NO1 1
3266,NO1 3
3268,NO1 3
3269,NO1 1
3270,NO1 2
3271,NO1 3
3272,NO1 2
3273,NO1 3
3274,NO1 3
3276,NO1 3
3277,NO1 4
3278,NO1 1
3279,NO1 3
3280,NO1 3
3281,NO1 3
3282,NO1 3
3283,NO1 3
3284,NO1 3
3287,NO1 3
3290,NO1 4
3291,NO1 2
3295,NO1 3
3297,NO1 3
3298,NO1 3
3299,NO1 3
3301,NO1 2
3302,NO1 3
3303,NO1 1
3304,NO1 2
3305,NO1 4
3307,NO1 3
3308,NO1 2
3309,NO1 2
4141,NO1 3
4142,NO1 3
4143,NO1 3
4144,NO1 3
4147,NO1 1
4149,NO1 1
4150,NO1 1
4152,NO1 1
4153,NO1 2
4154,NO1 2
4155,NO1 2
4157,NO1 2
4158,NO1 2
4160,NO1 2
4162,NO1 4
4163,NO1 2
4166,NO1 4
4167,NO1 4
4168,NO1 4
4171,NO1 3
4172,NO1 3
4174,NO1 2
4175,NO1 3
4176,NO1 3
4178,NO1 3
4179,NO1 3
4182,NO1 2
4183,NO1 2
4184,NO1 2
4186,NO1 2
4188,NO1 2
4190,NO1 1
4192,NO1 2
4193,NO1 3
4195,NO1 2
4196,NO1 2
4197,NO1 1
4198,NO1 3
4199,NO1 2
4669,NO1 4
4893,NO1 4
5053,NO1 3
5054,NO1 3
5055,NO1 3
5056,NO1 3
5057,NO1 3
5058,NO1 2
5059,NO1 3
5060,NO1 2
5061,NO1 3
5062,NO1 3
5063,NO1 3
5064,NO1 3
5065,NO1 2
5066,NO1 3
5068,NO1 2
5069,NO1 2
5071,NO1 3
5072,NO1 2
5073,NO1 2
5075,NO1 2
5076,NO1 2
5077,NO1 2
5078,NO1 1
5079,NO1 1
5080,NO1 1
5082,NO1 1
5084,NO1 1
5085,NO1 1
5086,NO1 1
5087,NO1 1
5088,NO1 1
5090,NO1 1
5091,NO1 1
5092,NO1 1
5093,NO1 1
5094,NO1 1
5095,NO1 1
5096,NO1 1
5097,NO1 1
5098,NO1 1
5099,NO1 3
5562,NO1 3
5681,NO1 4
5887,NO1 3
5888,NO1 3
5889,NO1 3
5890,NO1 3
5891,NO1 2
5892,NO1 3
5893,NO1 3
5894,NO1 3
5895,NO1 2
5896,NO1 3
5897,NO1 3
5898,NO1 3
5899,NO1 3
5900,NO1 3
5901,NO1 3
5902,NO1 2
5903,NO1 2
5904,NO1 2
5905,NO1 2
5906,NO1 2
5907,NO1 2
5908,NO1 2
5909,NO1 2
5910,NO1 2
5911,NO1 2
5912,NO1 2
5913,NO1 2
5914,NO1 2
5915,NO1 2
5916,NO1 2
5917,NO1 2
5918,NO1 2
5919,NO1 2
5920,NO1 2
5921,NO1 2
5922,NO1 2
5923,NO1 2
5924,NO1 2
5925,NO1 1
5926,NO1 4
5927,NO1 4
5928,NO1 4
5929,NO1 4
5930,NO1 4
5931,NO1 4
5932,NO1 4
5933,NO1 4
3310,PL0 0
3312,PL0 0
3313,PL0 0
3315,PL0 0
3317,PL0 0
3318,PL0 0
3320,PL0 0
3321,PL0 0
3323,PL0 0
3324,PL0 0
3325,PL0 0
3327,PL0 0
3329,PL0 0
3331,PL0 0
3332,PL0 0
3333,PL0 0
3334,PL0 0
3335,PL0 0
3336,PL0 0
3338,PL0 0
3340,PL0 0
3342,PL0 0
3344,PL0 0
3346,PL0 0
3348,PL0 0
3350,PL0 0
3351,PL0 0
3353,PL0 0
3355,PL0 0
3357,PL0 0
3359,PL0 0
3362,PL0 0
3363,PL0 0
3364,PL0 0
3365,PL0 0
3366,PL0 0
3368,PL0 0
3369,PL0 0
3370,PL0 0
3372,PL0 0
3374,PL0 0
3375,PL0 0
3376,PL0 0
3378,PL0 0
3379,PL0 0
3381,PL0 0
3382,PL0 0
3385,PL0 0
3388,PL0 0
3389,PL0 0
3390,PL0 0
3392,PL0 0
3394,PL0 0
3395,PL0 0
3396,PL0 0
3398,PL0 0
3399,PL0 0
3400,PL0 0
3401,PL0 0
3402,PL0 0
3404,PL0 0
3405,PL0 0
3406,PL0 0
3407,PL0 0
3408,PL0 0
3410,PL0 0
3413,PL0 0
3415,PL0 0
3416,PL0 0
3417,PL0 0
3420,PL0 0
3421,PL0 0
3422,PL0 0
3424,PL0 0
3426,PL0 0
3428,PL0 0
3430,PL0 0
3432,PL0 0
3433,PL0 0
3434,PL0 0
3436,PL0 0
3437,PL0 0
3439,PL0 0
3440,PL0 0
3441,PL0 0
3443,PL0 0
3444,PL0 0
3446,PL0 0
3447,PL0 0
3448,PL0 0
3450,PL0 0
3452,PL0 0
3454,PL0 0
3456,PL0 0
3457,PL0 0
3459,PL0 0
4200,PL0 0
4664,PL0 0
4666,PL0 0
4672,PL0 0
4679,PL0 0
4681,PL0 0
4687,PL0 0
4710,PL0 0
4753,PL0 0
4756,PL0 0
4759,PL0 0
4765,PL0 0
4767,PL0 0
4770,PL0 0
4776,PL0 0
4778,PL0 0
4780,PL0 0
4784,PL0 0
4801,PL0 0
4803,PL0 0
4804,PL0 0
4805,PL0 0
4806,PL0 0
4807,PL0 0
4808,PL0 0
4814,PL0 0
4815,PL0 0
4816,PL0 0
4833,PL0 0
5655,PL0 0
5664,PL0 0
5671,PL0 0
5675,PL0 0
5685,PL0 0
5693,PL0 0
5707,PL0 0
5711,PL0 0
5715,PL0 0
5726,PL0 0
5727,PL0 0
5734,PL0 0
5740,PL0 0
5744,PL0 0
5754,PL0 0
5755,PL0 0
5759,PL0 0
5760,PL0 0
5789,PL0 0
957,PT0 0
3462,PT0 0
3464,PT0 0
3465,PT0 0
3468,PT0 0
3470,PT0 0
3471,PT0 0
3473,PT0 0
3474,PT0 0
3476,PT0 0
3477,PT0 0
3479,PT0 0
3482,PT0 0
3486,PT0 0
3487,PT0 0
3490,PT0 0
3491,PT0 0
3493,PT0 0
3495,PT0 0
3496,PT0 0
3497,PT0 0
3498,PT0 0
3499,PT0 0
3501,PT0 0
3503,PT0 0
3505,PT0 0
3508,PT0 0
3509,PT0 0
3511,PT0 0
3513,PT0 0
3514,PT0 0
3515,PT0 0
3517,PT0 0
3518,PT0 0
3519,PT0 0
3520,PT0 0
3522,PT0 0
3523,PT0 0
3524,PT0 0
3525,PT0 0
3528,PT0 0
3529,PT0 0
3530,PT0 0
3531,PT0 0
3532,PT0 0
3534,PT0 0
3537,PT0 0
3538,PT0 0
3539,PT0 0
3540,PT0 0
3541,PT0 0
3542,PT0 0
3545,PT0 0
3546,PT0 0
3547,PT0 0
3548,PT0 0
4267,PT0 0
4269,PT0 0
4273,PT0 0
4278,PT0 0
4284,PT0 0
4290,PT0 0
5435,PT0 0
5437,PT0 0
5438,PT0 0
5439,PT0 0
5440,PT0 0
5441,PT0 0
3552,RO0 0
3553,RO0 0
3554,RO0 0
3556,RO0 0
3557,RO0 0
3558,RO0 0
3559,RO0 0
3561,RO0 0
3562,RO0 0
3563,RO0 0
3566,RO0 0
3567,RO0 0
3569,RO0 0
3570,RO0 0
3574,RO0 0
3575,RO0 0
3577,RO0 0
3579,RO0 0
3580,RO0 0
3581,RO0 0
3582,RO0 0
3583,RO0 0
3587,RO0 0
3588,RO0 0
3589,RO0 0
3590,RO0 0
3591,RO0 0
3592,RO0 0
3594,RO0 0
3595,RO0 0
3596,RO0 0
3599,RO0 0
3600,RO0 0
3602,RO0 0
3603,RO0 0
3605,RO0 0
3610,RO0 0
3611,RO0 0
3613,RO0 0
3615,RO0 0
3617,RO0 0
3618,RO0 0
3619,RO0 0
3620,RO0 0
3624,RO0 0
3626,RO0 0
3628,RO0 0
3629,RO0 0
3631,RO0 0
3635,RO0 0
3636,RO0 0
3638,RO0 0
3639,RO0 0
3640,RO0 0
3642,RO0 0
3643,RO0 0
3644,RO0 0
3646,RO0 0
3647,RO0 0
3648,RO0 0
4817,RO0 0
4836,RO0 0
4838,RO0 0
4839,RO0 0
4841,RO0 0
4842,RO0 0
4849,RO0 0
4853,RO0 0
4859,RO0 0
4860,RO0 0
4861,RO0 0
4877,RO0 0
4881,RO0 0
4882,RO0 0
4888,RO0 0
5742,RO0 0
5745,RO0 0
5756,RO0 0
5766,RO0 0
5799,RO0 0
5807,RO0 0
5812,RO0 0
5814,RO0 0
5817,RO0 0
5823,RO0 0
5839,RO0 0
5858,RO0 0
5861,RO0 0
5864,RO0 0
5866,RO0 0
5873,RO0 0
5874,RO0 0
5875,RO0 0
5879,RO0 0
5880,RO0 0
5882,RO0 0
3633,RS0 0
3651,RS0 0
3653,RS0 0
3654,RS0 0
3656,RS0 0
3658,RS0 0
3659,RS0 0
3661,RS0 0
3664,RS0 0
3667,RS0 0
3670,RS0 0
3672,RS0 0
3673,RS0 0
3674,RS0 0
3675,RS0 0
3676,RS0 0
3678,RS0 0
3679,RS0 0
3680,RS0 0
3683,RS0 0
3685,RS0 0
3686,RS0 0
3690,RS0 0
4773,RS0 0
4783,RS0 0
4787,RS0 0
4791,RS0 0
4796,RS0 0
4797,RS0 0
4800,RS0 0
4811,RS0 0
4818,RS0 0
4821,RS0 0
5723,RS0 0
5736,RS0 0
5743,RS0 0
5771,RS0 0
5781,RS0 0
5784,RS0 0
3693,SE1 3
3695,SE1 3
3697,SE1 3
3698,SE1 3
3700,SE1 3
3701,SE1 3
3702,SE1 3
3704,SE1 3
3705,SE1 4
3706,SE1 3
3708,SE1 2
3710,SE1 3
3712,SE1 3
3713,SE1 1
3714,SE1 3
3717,SE1 3
3718,SE1 4
3719,SE1 3
3720,SE1 3
3721,SE1 3
3722,SE1 3
3724,SE1 3
3726,SE1 3
3727,SE1 3
3729,SE1 3
3730,SE1 3
3731,SE1 3
3732,SE1 4
3733,SE1 2
3735,SE1 2
3736,SE1 2
3738,SE1 3
3739,SE1 4
3743,SE1 2
3744,SE1 3
3745,SE1 3
3747,SE1 3
3748,SE1 1
3749,SE1 3
3750,SE1 1
3752,SE1 2
3753,SE1 1
3756,SE1 3
3757,SE1 1
3758,SE1 2
3759,SE1 3
3760,SE1 2
3762,SE1 3
3764,SE1 3
3766,SE1 1
3767,SE1 4
3768,SE1 3
3769,SE1 3
3770,SE1 3
3772,SE1 1
3773,SE1 1
3775,SE1 2
3776,SE1 2
3779,SE1 2
3780,SE1 2
3781,SE1 4
3783,SE1 3
3784,SE1 3
3785,SE1 3
3786,SE1 2
3787,SE1 2
3788,SE1 2
3789,SE1 3
3791,SE1 2
3793,SE1 1
3794,SE1 2
3795,SE1 1
3796,SE1 1
3799,SE1 1
3800,SE1 3
3802,SE1 1
3805,SE1 2
3806,SE1 1
3809,SE1 2
3810,SE1 2
3811,SE1 2
3812,SE1 2
3814,SE1 2
3815,SE1 2
3816,SE1 2
3820,SE1 2
3821,SE1 2
3823,SE1 3
3833,SE1 4
3835,SE1 3
3837,SE1 4
3838,SE1 1
3839,SE1 1
3841,SE1 2
3844,SE1 4
3845,SE1 4
4202,SE1 2
4203,SE1 2
4205,SE1 2
4206,SE1 2
4208,SE1 3
4209,SE1 4
4211,SE1 3
4212,SE1 3
4213,SE1 3
4214,SE1 2
4216,SE1 2
4217,SE1 4
4219,SE1 2
4656,SE1 3
4658,SE1 2
4670,SE1 2
4673,SE1 3
4683,SE1 2
4689,SE1 2
4690,SE1 1
4691,SE1 2
4692,SE1 2
4695,SE1 2
4697,SE1 2
4699,SE1 2
4702,SE1 2
4703,SE1 2
4709,SE1 2
4711,SE1 2
4712,SE1 2
4714,SE1 2
4718,SE1 2
4719,SE1 2
4720,SE1 2
4722,SE1 2
4723,SE1 2
4724,SE1 2
4725,SE1 2
4726,SE1 2
4727,SE1 2
4728,SE1 2
4729,SE1 2
4730,SE1 2
4736,SE1 2
4737,SE1 2
5558,SE1 3
5560,SE1 3
5563,SE1 3
5565,SE1 3
5567,SE1 4
5568,SE1 4
5569,SE1 4
5571,SE1 3
5572,SE1 3
5573,SE1 3
5574,SE1 4
5575,SE1 4
5576,SE1 4
5577,SE1 4
5578,SE1 4
5579,SE1 4
5580,SE1 4
5581,SE1 4
5582,SE1 4
5583,SE1 4
5584,SE1 4
5585,SE1 3
5586,SE1 4
5587,SE1 4
5591,SE1 3
5592,SE1 4
5594,SE1 2
5595,SE1 3
5597,SE1 3
5598,SE1 4
5601,SE1 4
5604,SE1 3
5605,SE1 3
5607,SE1 2
5608,SE1 4
5610,SE1 2
5611,SE1 3
5613,SE1 3
5614,SE1 4
5615,SE1 2
5616,SE1 2
5617,SE1 2
5620,SE1 4
5621,SE1 2
5622,SE1 3
5623,SE1 2
5624,SE1 2
5625,SE1 2
5626,SE1 2
5627,SE1 3
5628,SE1 3
5629,SE1 2
5630,SE1 4
5632,SE1 2
5634,SE1 2
5635,SE1 2
5636,SE1 2
5637,SE1 4
5638,SE1 2
5639,SE1 4
5640,SE1 3
5641,SE1 2
5642,SE1 3
5643,SE1 3
5644,SE1 2
5645,SE1 2
5646,SE1 3
5647,SE1 2
5648,SE1 2
5649,SE1 3
5650,SE1 2
5651,SE1 2
5653,SE1 2
5654,SE1 4
5656,SE1 2
5658,SE1 2
5659,SE1 2
5663,SE1 1
5665,SE1 2
5666,SE1 2
5667,SE1 2
5668,SE1 2
5670,SE1 2
5672,SE1 2
5673,SE1 2
5674,SE1 2
5676,SE1 1
5679,SE1 3
5686,SE1 2
5688,SE1 2
5689,SE1 3
5690,SE1 2
5692,SE1 1
5696,SE1 1
5697,SE1 1
5700,SE1 1
5709,SE1 2
5710,SE1 1
5714,SE1 1
5718,SE1 1
5719,SE1 1
5720,SE1 1
5721,SE1 1
5728,SE1 1
5729,SE1 1
5733,SE1 1
5739,SE1 1
5762,SE1 1
5772,SE1 1
5787,SE1 1
5828,SE1 1
3847,SI0 0
3848,SI0 0
3850,SI0 0
3851,SI0 0
3853,SI0 0
3855,SI0 0
3856,SI0 0
4676,SI0 0
4686,SI0 0
4693,SI0 0
5409,SI0 0
5419,SI0 0
5602,SI0 0
3860,SK0 0
3861,SK0 0
3863,SK0 0
3865,SK0 0
3867,SK0 0
3868,SK0 0
3869,SK0 0
3870,SK0 0
3871,SK0 0
3873,SK0 0
3874,SK0 0
3876,SK0 0
3877,SK0 0
3879,SK0 0
3880,SK0 0
3882,SK0 0
3883,SK0 0
3887,SK0 0
3890,SK0 0
3891,SK0 0
4220,SK0 0
4750,SK0 0
4751,SK0 0
4752,SK0 0
4754,SK0 0
5678,SK0 0
5687,SK0 0
5703,SK0 0
5708,SK0 0
5713,SK0 0
5716,SK0 0
5717,SK0 0
5737,SK0 0
5741,SK0 0
5757,SK0 0
3660,XK0 0
3682,XK0 0
3688,XK0 0
3691,XK0 0
4798,XK0 0
4812,XK0 0
5731,XK0 0
